{"Goksun_KHK": 0.4352331606217616,
 "hlevci": 0.2629629629629629,
 "avcemilcicek": 0.0828814872192099,
 "gursu_khk_bursa": 0.7844748858447489,
 "Refugee11move": 0.0078926598263614,
 "Sivas_KHK_5858": 0.7837423312883436,
 "ferhatttunc": 0.2886115444617784,
 "Sahinbey_Khk": 0.8120094191522763,
 "turgut_tarhanli": 0.157520981278244,
 "sesdernegi": 0.4339360222531293,
 "akin_birdal": 0.0284974093264248,
 "veysiyoldas": 0.5075311067452521,
 "aylajean": 0.4328703703703703,
 "Yalova_KHK": 0.8016550987720235,
 "khkvefetomagdur": 0.2635802469135802,
 "Osmangazi_KHK": 0.3627450980392157,
 "orkece": 0.6754617414248021,
 "istbarosuKHM": 0.3074204946996466,
 "Bayburt_KHK": 0.8864468864468864,
 "nznmor": 0.8468708388814914,
 "Tekirdag_KHK": 0.6273608984175599,
 "Isparta_KHK": 0.4766245221993531,
 "ErdalEr76": 0.2970686007857359,
 "KOU_Dayanisma": 0.7571428571428571,
 "nurselaydogan58": 0.3479318734793187,
 "ehsane765": 0.1902017291066282,
 "Rize_KHK": 0.4919845218352681,
 "BursaGemlikKHK": 0.7171052631578947,
 "of_khk": 0.3147058823529411,
 "Aksaray_KHK": 0.2865627319970304,
 "tkdfederasyon": 0.1142204454597373,
 "MSTanrikulu": 0.368532206969377,
 "KeskinEren1": 0.1649937264742785,
 "KHKAVRUPA": 0.9783018867924528,
 "izmir_KHK_35": 0.1956204379562043,
 "dogan_erbas44": 0.3393227366966136,
 "dbkadinhaklari": 0.0990338164251207,
 "Ankara_KHK": 0.4561679790026247,
 "KeremALTIPARMAK": 0.1735537190082644,
 "U_Hareketi": 0.0065097646469704,
 "Gantep_KHK": 0.7154471544715447,
 "Pinar_Selek": 0.7594226142742582,
 "Sakarya_KHK_54": 0.2460664335664335,
 "Giresun_KHK": 0.5727788279773157,
 "Burdur_KHK": 0.8045822102425876,
 "Askeriogrenci16": 0.4297520661157025,
 "Osmaniye_KHK": 0.4261168384879725,
 "SALIHBAYRAK7102": 0.9442666666666668,
 "hdpdemirtas": 0.140625,
 "Golmarmara_KHK": 0.5679567956795679,
 "692khk": 0.9442082890541976,
 "anlamiyoorsun": 0.9181985294117648,
 "Eskisehir_KHK": 0.6798649478207489,
 "EzoOzer": 0.6774193548387096,
 "MstSelanik": 0.1865771812080537,
 "Tokat_KHK60": 0.7044721069617336,
 "ashabikhf": 0.75,
 "DrHabip": 0.7073643410852714,
 "Turkiye_KHK": 0.3543689320388349,
 "Kerem_khk": 0.5068493150684932,
 "kadinsavunmasi": 0.2000784621420164,
 "Golbasi_KHK": 0.7952522255192879,
 "kerim_suvari": 0.8764434180138568,
 "Nazilli_KHK": 0.8847262247838616,
 "Duzce_KHK": 0.4501246882793017,
 "Kars_KHK": 0.18125,
 "KHK_Akademi": 0.7891705069124424,
 "Malatya_KHK": 0.4860681114551083,
 "nejattastan": 0.6917197452229299,
 "esitiz": 0.7093484419263456,
 "Sirnak_KHK": 0.9194805194805196,
 "LeventKenez": 0.8343373493975904,
 "KBGuclu": 0.6732673267326733,
 "iukadinhaklari": 0.4782608695652174,
 "Bingol_KHK": 0.4673974142776841,
 "Adana_KHK": 0.4409697821503865,
 "pembehayat_lgbt": 0.1409395973154362,
 "iuesitlik": 0.6544117647058824,
 "Mus_KHK": 0.6035848270112547,
 "Afyon_KHK_": 0.6041884816753926,
 "baysal_nurcan": 0.2443181818181818,
 "KHK_ZONGULDAK": 0.3322109988776655,
 "etkinizab": 0.261744966442953,
 "Amasya_KHK05": 0.5004306632213609,
 "AfsinSuleyman": 0.4161490683229814,
 "Ahmetli_KHK": 0.8306527909176916,
 "Hatay_KHK": 0.8404371584699454,
 "KSerefhanoglu": 0.0515010351966873,
 "gulserenonanc": 0.5797101449275363,
 "zeynokuray": 0.3908659549228944,
 "samenvvvTR": 0.0626535626535626,
 "KhkSport": 0.7134146341463414,
 "Kirsehir_KHK": 0.3348856900931414,
 "KirmiziSemsiyeD": 0.2583732057416268,
 "SaadetOzkanEfe": 0.0662905500705218,
 "istanbul_KHK": 0.4922600619195046,
 "mustafa_vefa": 0.6344086021505376,
 "erzurum_khk": 0.8397435897435898,
 "whatdidkavalado": 0.0769230769230769,
 "Samsun_KHK": 0.4255091103965702,
 "KhkAdiyaman": 0.7666666666666667,
 "Cankaya_KHK": 0.3009800822004426,
 "Aydin_KHK": 0.4247598719316969,
 "SavlBirol": 0.3806451612903225,
 "TayipTemel": 0.7893553223388305,
 "avsuphiozgen": 0.0020422055820285,
 "Kutahya_KHK": 0.3515685766139487,
 "Hani_KHK": 0.1904139433551198,
 "esik_platform": 0.3423702556158017,
 "sinop_KHK": 0.8762557077625571,
 "_IHRAA": 0.0377358490566037,
 "ozgeustn": 0.1397849462365591,
 "sevincozarslan": 0.3815240083507307,
 "Samsun_KHK_55": 0.6213592233009708,
 "gkursun": 0.7342657342657343,
 "sevgistanbul": 0.4920424403183024,
 "feministgundem": 0.6527695056581299,
 "cahityildirm": 0.1329766908674054,
 "emavioglu": 0.5918367346938775,
 "amberinzaman": 0.4890298704731694,
 "RecepAt59386802": 0.7511150758251561,
 "mustafa_dogan00": 0.7753515914137675,
 "cigdemkc": 0.0168892380204241,
 "ihdcezaevi": 0.1800391389432485,
 "Mamak_KHK": 0.9142381348875936,
 "KONYA_KHK_4242": 0.7101754385964912,
 "AytenOzturke": 0.3194130925507901,
 "yavuzbaydar4": 0.4032955159373311,
 "aratbaris_": 0.385896180215475,
 "Esitlikcikadin": 0.1575757575757575,
 "Usak_KHK": 0.3293492695883134,
 "Balikesir_KHK": 0.1481481481481481,
 "Batman_KHK": 0.5414847161572053,
 "Yozgat_KHK": 0.9406606255480854,
 "kybdlnhayatlar": 0.255328798185941,
 "KMaras_KHK": 0.4175350341358246,
 "Canakkale_KHK": 0.97359486986043,
 "Van_KHK": 0.5535224153705398,
 "EsitlikVeAdalet": 0.3434244791666667,
 "e_erda": 0.2321792260692464,
 "minelirana": 0.1011840688912809,
 "Kayseri_KHK": 0.3609865470852018,
 "DursunA66065686": 0.1866028708133971,
 "CmrtesiAnneleri": 0.4275766016713092,
 "mlsaturkey": 0.1449479313256403,
 "EnesFreedom": 0.6353754940711462,
 "Terme_khk": 0.5301500682128241,
 "FreeOsmanKavala": 0.5047619047619047,
 "Mihemed": 0.5965699208443271,
 "Urfa_KHK": 0.3386454183266932,
 "Kocaeli_KHK": 0.742014742014742,
 "kadinkoalisyonu": 0.3675425038639876,
 "MTanal": 0.4691199176531137,
 "gergerliogluof": 0.1422701592193117,
 "MilenaBuyum": 0.6480304955527318,
 "urfakadin": 0.2018348623853211,
 "Nesrinnas": 0.6507557677008751,
 "havza_khk": 0.3489696312364425,
 "mozdag55": 0.5352500984639622,
 "Nilufer_KHK": 0.5352286773794809,
 "Bursa_KHK": 0.6699906512932378,
 "Dbakir_KHK_21": 0.6742919389978214,
 "Mimozakadin": 0.244047619047619,
 "BursaMKPasaKHK": 0.7989556135770235,
 "CerenKalay": 0.6883525708289612,
 "PinarTremblay": 0.7754883596467755,
 "Trabzon_KHK_61": 0.6159600997506235,
 "OzdemEsat": 0.5580221997981837,
 "Elazig_KHK_23": 0.3646833013435701,
 "Denizli_KHK": 0.9203507489952504,
 "TurkishFacade": 0.3286004056795132,
 "salihro": 0.2218730358265242,
 "Mardin_KHK": 0.5477611940298508,
 "hacerfoggo": 0.4692522711390636,
 "Nigde_KHK": 0.9276595744680852,
 "Manisa_KHK": 0.1253881987577639,
 "yunusunbabasi": 0.8566970091027308,
 "Ordu_KHK52": 0.8876720901126408,
 "21meralsimsek": 0.0885399264951553,
 "HastaTutuklular": 0.5122077922077922,
 "ilkadim55_KHK": 0.0326765977895242,
 "Mersin_KHK": 0.8823369565217392,
 "YusufMetin_KHK": 0.130183916336098,
 "Basak__Demirtas": 0.1636363636363636,
 "Bafra_KHK": 0.739930225182366,
 "TTB_KHK": 0.7022653721682848,
 "ihd_genelmerkez": 0.8245322245322245,
 "nalane60": 0.4471299093655589,
 "Bilecik_KHK": 0.912280701754386,
 "aysealtinay": 0.6006144393241167,
 "NuriyeGulmen": 0.5638766519823789,
 "Vezirkopru_KHK": 0.3546576879910213,
 "VanKadinHaklari": 0.2868217054263566}