{"Goksun_KHK": 1.2319148936170212,
 "hlevci": 0.0557620817843866,
 "avcemilcicek": 0.6130104463437797,
 "gursu_khk_bursa": 3.662207357859532,
 "Refugee11move": 2.9396751740139213,
 "Sivas_KHK_5858": 0.7417519908987485,
 "ferhatttunc": 0.1334860474802165,
 "Sahinbey_Khk": 7.494117647058823,
 "turgut_tarhanli": 0.5914471172203131,
 "sesdernegi": 0.7042115572967679,
 "akin_birdal": 0.1078814980435997,
 "veysiyoldas": 0.9285497111584068,
 "aylajean": 0.0895708065519386,
 "Yalova_KHK": 2.947285601888277,
 "khkvefetomagdur": 0.8940397350993378,
 "Osmangazi_KHK": 0.6361746361746362,
 "orkece": 0.2260437375745526,
 "istbarosuKHM": 0.1917344173441734,
 "Bayburt_KHK": 3.378712871287129,
 "nznmor": 0.4258576694074284,
 "Tekirdag_KHK": 2.7475455820476857,
 "Isparta_KHK": 3.834272829763247,
 "ErdalEr76": 0.757554945054945,
 "KOU_Dayanisma": 0.1199143468950749,
 "nurselaydogan58": 0.1034222445898339,
 "ehsane765": 0.1057282145033516,
 "Rize_KHK": 9.348837209302326,
 "BursaGemlikKHK": 0.7855297157622739,
 "of_khk": 1.7894736842105263,
 "Aksaray_KHK": 2.585412667946257,
 "tkdfederasyon": 0.5349831958447907,
 "MSTanrikulu": 0.6675281954887218,
 "KeskinEren1": 0.5390598579641529,
 "KHKAVRUPA": 0.3485695494902992,
 "izmir_KHK_35": 2.358003442340792,
 "dogan_erbas44": 0.4900101591601761,
 "dbkadinhaklari": 0.2849277357192016,
 "Ankara_KHK": 2.95577967416602,
 "KeremALTIPARMAK": 0.114691943127962,
 "U_Hareketi": 2.0737279335410177,
 "Gantep_KHK": 7.035055350553505,
 "Pinar_Selek": 0.3238961038961039,
 "Sakarya_KHK_54": 4.816842105263158,
 "Giresun_KHK": 2.930747922437673,
 "Burdur_KHK": 1.4751491053677932,
 "Askeriogrenci16": 0.3736215262461402,
 "Osmaniye_KHK": 0.8981481481481481,
 "SALIHBAYRAK7102": 1.005631536604988,
 "hdpdemirtas": 0.0577226606538895,
 "Golmarmara_KHK": 2.136538461538461,
 "692khk": 1.156019656019656,
 "anlamiyoorsun": 0.5852608929532006,
 "Eskisehir_KHK": 2.715,
 "EzoOzer": 0.3988156013886053,
 "MstSelanik": 1.9813829787234043,
 "Tokat_KHK60": 5.079625292740047,
 "ashabikhf": 2.1426491994177583,
 "DrHabip": 0.3742746615087041,
 "Turkiye_KHK": 1.062768701633706,
 "Kerem_khk": 0.351976856316297,
 "kadinsavunmasi": 1.1513098464317977,
 "Golbasi_KHK": 8.153225806451612,
 "kerim_suvari": 0.751084128360798,
 "Nazilli_KHK": 3.6145833333333335,
 "Duzce_KHK": 1.113888888888889,
 "Kars_KHK": 0.6823027718550106,
 "KHK_Akademi": 0.4195263412276462,
 "Malatya_KHK": 4.014689265536723,
 "nejattastan": 0.5881618381618382,
 "esitiz": 0.9067557153865912,
 "Sirnak_KHK": 2.305389221556886,
 "LeventKenez": 0.0837326607818411,
 "KBGuclu": 0.6042337781868384,
 "iukadinhaklari": 0.0633958103638368,
 "Bingol_KHK": 8.217090069284065,
 "Adana_KHK": 1.897333333333333,
 "pembehayat_lgbt": 0.0996211277022509,
 "iuesitlik": 0.1056721056721056,
 "Mus_KHK": 4.685546875,
 "Afyon_KHK_": 3.4727272727272727,
 "baysal_nurcan": 0.675809105869446,
 "KHK_ZONGULDAK": 1.740234375,
 "etkinizab": 0.4494720965309201,
 "Amasya_KHK05": 4.972162740899358,
 "AfsinSuleyman": 0.0480597014925373,
 "Ahmetli_KHK": 2.7670157068062826,
 "Hatay_KHK": 3.199300699300699,
 "KSerefhanoglu": 1.691768826619965,
 "gulserenonanc": 0.1352351916376306,
 "zeynokuray": 0.8214372716199756,
 "samenvvvTR": 0.9487179487179488,
 "KhkSport": 8.10989010989011,
 "Kirsehir_KHK": 6.119170984455959,
 "KirmiziSemsiyeD": 0.0587243607754987,
 "SaadetOzkanEfe": 0.2195726231031279,
 "istanbul_KHK": 1.4793893129770992,
 "mustafa_vefa": 0.0452885317750182,
 "erzurum_khk": 0.132427843803056,
 "whatdidkavalado": 0.1201232032854209,
 "Samsun_KHK": 3.347085201793722,
 "KhkAdiyaman": 0.1395348837209302,
 "Cankaya_KHK": 8.50268817204301,
 "Aydin_KHK": 3.082236842105264,
 "SavlBirol": 0.0865438302624232,
 "TayipTemel": 0.6236559139784946,
 "avsuphiozgen": 0.4870689655172414,
 "Kutahya_KHK": 4.348365276211951,
 "Hani_KHK": 6.0236220472440944,
 "esik_platform": 4.218954248366013,
 "sinop_KHK": 5.302663438256658,
 "_IHRAA": 0.0614136732329084,
 "ozgeustn": 0.1255060728744939,
 "sevincozarslan": 1.6369073045706963,
 "Samsun_KHK_55": 0.0951940850277264,
 "gkursun": 0.11803549319026,
 "sevgistanbul": 0.7905221220381632,
 "feministgundem": 0.4316195372750642,
 "cahityildirm": 0.7552669552669553,
 "emavioglu": 0.0408418420504271,
 "amberinzaman": 0.7748873412535846,
 "RecepAt59386802": 2.6335160532498043,
 "mustafa_dogan00": 0.8491514770584538,
 "cigdemkc": 0.50187265917603,
 "ihdcezaevi": 0.1265791429279167,
 "Mamak_KHK": 6.456989247311828,
 "KONYA_KHK_4242": 1.902536715620828,
 "AytenOzturke": 3.2936802973977697,
 "yavuzbaydar4": 0.798361009273237,
 "aratbaris_": 1.7482876712328768,
 "Esitlikcikadin": 0.0871632329635499,
 "Usak_KHK": 3.0180360721442887,
 "Balikesir_KHK": 4.764705882352941,
 "Batman_KHK": 0.4304511278195488,
 "Yozgat_KHK": 3.8875,
 "kybdlnhayatlar": 1.697459584295612,
 "KMaras_KHK": 2.0924812030075186,
 "Canakkale_KHK": 5.323293172690763,
 "Van_KHK": 2.571764705882353,
 "EsitlikVeAdalet": 1.5925349922239502,
 "e_erda": 0.7155944201540704,
 "minelirana": 0.1960329183372019,
 "Kayseri_KHK": 1.6023952095808385,
 "DursunA66065686": 2.5067466266866565,
 "CmrtesiAnneleri": 0.1838668373879641,
 "mlsaturkey": 1.9299293862031504,
 "EnesFreedom": 0.2368359466417037,
 "Terme_khk": 9.852150537634408,
 "FreeOsmanKavala": 0.4950235725510739,
 "Mihemed": 0.765192812436907,
 "Urfa_KHK": 0.1859259259259259,
 "Kocaeli_KHK": 0.3026022304832714,
 "kadinkoalisyonu": 0.95596926713948,
 "MTanal": 0.938194109126026,
 "gergerliogluof": 0.8750561797752809,
 "MilenaBuyum": 0.3256102606537029,
 "urfakadin": 0.1759483454398708,
 "Nesrinnas": 0.8605659516202647,
 "havza_khk": 9.913978494623656,
 "mozdag55": 0.6256776737309019,
 "Nilufer_KHK": 5.045738045738045,
 "Bursa_KHK": 2.6943744752308985,
 "Dbakir_KHK_21": 3.1153846153846154,
 "Mimozakadin": 0.2021660649819494,
 "BursaMKPasaKHK": 3.764127764127764,
 "CerenKalay": 0.2294726703587767,
 "PinarTremblay": 0.8868058851447556,
 "Trabzon_KHK_61": 2.275822928490352,
 "OzdemEsat": 0.8871978513876455,
 "Elazig_KHK_23": 1.0589430894308942,
 "Denizli_KHK": 2.1021505376344085,
 "TurkishFacade": 0.1291251964379256,
 "salihro": 0.4014635377239465,
 "Mardin_KHK": 0.5420711974110033,
 "hacerfoggo": 0.8170139880102769,
 "Nigde_KHK": 1.361003861003861,
 "Manisa_KHK": 2.1775147928994083,
 "yunusunbabasi": 0.8299158212821066,
 "Ordu_KHK52": 5.973831775700934,
 "21meralsimsek": 6.592511013215859,
 "HastaTutuklular": 4.753086419753086,
 "ilkadim55_KHK": 6.211940298507463,
 "Mersin_KHK": 2.7586206896551726,
 "YusufMetin_KHK": 1.8159790438768828,
 "Basak__Demirtas": 0.0316091954022988,
 "Bafra_KHK": 8.25392670157068,
 "TTB_KHK": 0.5392670157068062,
 "ihd_genelmerkez": 0.5256830601092897,
 "nalane60": 0.1747624076029567,
 "Bilecik_KHK": 0.3980446927374301,
 "aysealtinay": 0.1464566929133858,
 "NuriyeGulmen": 0.400352733686067,
 "Vezirkopru_KHK": 6.942857142857143,
 "VanKadinHaklari": 0.0640834575260804}