{"Goksun_KHK": 0.0138169257340241,
 "hlevci": 0.2777777777777778,
 "avcemilcicek": 0.6200619674670798,
 "gursu_khk_bursa": 0.0200913242009132,
 "Refugee11move": 0.0560378847671665,
 "Sivas_KHK_5858": 0.0552147239263803,
 "ferhatttunc": 0.0390015600624025,
 "Sahinbey_Khk": 0.0639717425431711,
 "turgut_tarhanli": 0.4615881213686249,
 "sesdernegi": 0.0931849791376912,
 "akin_birdal": 0.1476683937823834,
 "veysiyoldas": 0.2364112639161755,
 "aylajean": 0.2754629629629629,
 "Yalova_KHK": 0.0128136679124399,
 "khkvefetomagdur": 0.245679012345679,
 "Osmangazi_KHK": 0.022875816993464,
 "orkece": 0.0677220756376429,
 "istbarosuKHM": 0.2402826855123674,
 "Bayburt_KHK": 0,
 "nznmor": 0.0166444740346205,
 "Tekirdag_KHK": 0.0096988259315977,
 "Isparta_KHK": 0.1708321082034695,
 "ErdalEr76": 0.0093683892414626,
 "KOU_Dayanisma": 0.0142857142857142,
 "nurselaydogan58": 0.1167883211678832,
 "ehsane765": 0.2939481268011527,
 "Rize_KHK": 0.1343283582089552,
 "BursaGemlikKHK": 0.0131578947368421,
 "of_khk": 0.0029411764705882,
 "Aksaray_KHK": 0.0393466963622865,
 "tkdfederasyon": 0.0685322672758423,
 "MSTanrikulu": 0.0165434706089405,
 "KeskinEren1": 0.0432873274780426,
 "KHKAVRUPA": 0.0066037735849056,
 "izmir_KHK_35": 0.0036496350364963,
 "dogan_erbas44": 0.0152038700760193,
 "dbkadinhaklari": 0.3888888888888889,
 "Ankara_KHK": 0.3548556430446194,
 "KeremALTIPARMAK": 0.4173553719008264,
 "U_Hareketi": 0.0175262894341512,
 "Gantep_KHK": 0.1355887752425911,
 "Pinar_Selek": 0.0136327185244587,
 "Sakarya_KHK_54": 0.2858391608391608,
 "Giresun_KHK": 0.2873345935727788,
 "Burdur_KHK": 0.0714285714285714,
 "Askeriogrenci16": 0.1097992916174734,
 "Osmaniye_KHK": 0.2010309278350515,
 "SALIHBAYRAK7102": 0.0213333333333333,
 "hdpdemirtas": 0.15234375,
 "Golmarmara_KHK": 0.1197119711971197,
 "692khk": 0.0047821466524973,
 "anlamiyoorsun": 0.0344669117647058,
 "Eskisehir_KHK": 0.05463474524248,
 "EzoOzer": 0.0901177675371223,
 "MstSelanik": 0.1159731543624161,
 "Tokat_KHK60": 0.0705394190871369,
 "ashabikhf": 0.0760869565217391,
 "DrHabip": 0.0090439276485788,
 "Turkiye_KHK": 0.0194174757281553,
 "Kerem_khk": 0.3863013698630137,
 "kadinsavunmasi": 0.0843468026677128,
 "Golbasi_KHK": 0.076162215628091,
 "kerim_suvari": 0.0161662817551963,
 "Nazilli_KHK": 0.0590778097982708,
 "Duzce_KHK": 0.0087281795511221,
 "Kars_KHK": 0.00625,
 "KHK_Akademi": 0.0794930875576036,
 "Malatya_KHK": 0.2094005066141289,
 "nejattastan": 0.1439490445859872,
 "esitiz": 0.0087818696883852,
 "Sirnak_KHK": 0.0138528138528138,
 "LeventKenez": 0.0301204819277108,
 "KBGuclu": 0.0137090632140137,
 "iukadinhaklari": 0.0434782608695652,
 "Bingol_KHK": 0.3783024170882518,
 "Adana_KHK": 0.0888966971187631,
 "pembehayat_lgbt": 0.1297539149888143,
 "iuesitlik": 0.0955882352941176,
 "Mus_KHK": 0.2034180908711963,
 "Afyon_KHK_": 0.0848167539267015,
 "baysal_nurcan": 0.0831980519480519,
 "KHK_ZONGULDAK": 0.0168350168350168,
 "etkinizab": 0.2214765100671141,
 "Amasya_KHK05": 0.1227390180878553,
 "AfsinSuleyman": 0.0434782608695652,
 "Ahmetli_KHK": 0.0170293282876064,
 "Hatay_KHK": 0.0090163934426229,
 "KSerefhanoglu": 0.7347308488612836,
 "gulserenonanc": 0.0257648953301127,
 "zeynokuray": 0.0756227758007117,
 "samenvvvTR": 0.027027027027027,
 "KhkSport": 0.1727642276422764,
 "Kirsehir_KHK": 0.4606265876375952,
 "KirmiziSemsiyeD": 0.0047846889952153,
 "SaadetOzkanEfe": 0.2595204513399153,
 "istanbul_KHK": 0.2151702786377708,
 "mustafa_vefa": 0.1290322580645161,
 "erzurum_khk": 0.0256410256410256,
 "whatdidkavalado": 0,
 "Samsun_KHK": 0.0273311897106109,
 "KhkAdiyaman": 0.0777777777777777,
 "Cankaya_KHK": 0.1542839076825798,
 "Aydin_KHK": 0.1229989327641408,
 "SavlBirol": 0.1548387096774193,
 "TayipTemel": 0.0074962518740629,
 "avsuphiozgen": 0.5697753573859768,
 "Kutahya_KHK": 0.3124189784806844,
 "Hani_KHK": 0.1777777777777777,
 "esik_platform": 0.1611154144074361,
 "sinop_KHK": 0.0018264840182648,
 "_IHRAA": 0.3113207547169811,
 "ozgeustn": 0.489247311827957,
 "sevincozarslan": 0.2252087682672233,
 "Samsun_KHK_55": 0.1359223300970873,
 "gkursun": 0.0961538461538461,
 "sevgistanbul": 0.1888594164456233,
 "feministgundem": 0.0101250744490768,
 "cahityildirm": 0.4027512418800152,
 "emavioglu": 0.086734693877551,
 "amberinzaman": 0.2199312714776632,
 "RecepAt59386802": 0.1192387749033601,
 "mustafa_dogan00": 0.0914137675795706,
 "cigdemkc": 0.3165750196386488,
 "ihdcezaevi": 0,
 "Mamak_KHK": 0.0037468776019983,
 "KONYA_KHK_4242": 0.0203508771929824,
 "AytenOzturke": 0.1405191873589164,
 "yavuzbaydar4": 0.1288492706645056,
 "aratbaris_": 0.2761998041136141,
 "Esitlikcikadin": 0.1151515151515151,
 "Usak_KHK": 0.3426294820717131,
 "Balikesir_KHK": 0.3699588477366255,
 "Batman_KHK": 0.1506550218340611,
 "Yozgat_KHK": 0.0038000584624378,
 "kybdlnhayatlar": 0.2176870748299319,
 "KMaras_KHK": 0.2526051024074739,
 "Canakkale_KHK": 0.0052810260279139,
 "Van_KHK": 0.0155535224153705,
 "EsitlikVeAdalet": 0.0146484375,
 "e_erda": 0.2333430317137038,
 "minelirana": 0.3379978471474704,
 "Kayseri_KHK": 0.2660687593423019,
 "DursunA66065686": 0.2177033492822966,
 "CmrtesiAnneleri": 0.1629526462395543,
 "mlsaturkey": 0.4576414297776527,
 "EnesFreedom": 0.0148221343873517,
 "Terme_khk": 0.0221009549795361,
 "FreeOsmanKavala": 0.0941798941798941,
 "Mihemed": 0.2118733509234828,
 "Urfa_KHK": 0.4342629482071713,
 "Kocaeli_KHK": 0.0098280098280098,
 "kadinkoalisyonu": 0.1035548686244204,
 "MTanal": 0.1453937210499228,
 "gergerliogluof": 0.0172059578839239,
 "MilenaBuyum": 0.1346886912325285,
 "urfakadin": 0.0688073394495412,
 "Nesrinnas": 0.0554229647308406,
 "havza_khk": 0.0065075921908893,
 "mozdag55": 0.2800315084679007,
 "Nilufer_KHK": 0.0309023485784919,
 "Bursa_KHK": 0.0523527578684948,
 "Dbakir_KHK_21": 0.1190994916485112,
 "Mimozakadin": 0.0714285714285714,
 "BursaMKPasaKHK": 0.0058746736292428,
 "CerenKalay": 0.1888772298006296,
 "PinarTremblay": 0.0588707519400588,
 "Trabzon_KHK_61": 0.0314214463840399,
 "OzdemEsat": 0.0797174571140262,
 "Elazig_KHK_23": 0.3781190019193858,
 "Denizli_KHK": 0.0160759956156375,
 "TurkishFacade": 0.3164300202839756,
 "salihro": 0.3412947831552482,
 "Mardin_KHK": 0.0761194029850746,
 "hacerfoggo": 0.1589797344514325,
 "Nigde_KHK": 0.0099290780141843,
 "Manisa_KHK": 0.5656055900621118,
 "yunusunbabasi": 0.0686605981794538,
 "Ordu_KHK52": 0.0422403003754693,
 "21meralsimsek": 0.6324757768125626,
 "HastaTutuklular": 0.0096103896103896,
 "ilkadim55_KHK": 0.0004805382027871,
 "Mersin_KHK": 0.004891304347826,
 "YusufMetin_KHK": 0.5917778579156149,
 "Basak__Demirtas": 0.0363636363636363,
 "Bafra_KHK": 0.0177608626704725,
 "TTB_KHK": 0.0485436893203883,
 "ihd_genelmerkez": 0.0174636174636174,
 "nalane60": 0.0966767371601208,
 "Bilecik_KHK": 0,
 "aysealtinay": 0.1152073732718894,
 "NuriyeGulmen": 0.0154185022026431,
 "Vezirkopru_KHK": 0.011971567527123,
 "VanKadinHaklari": 0.2248062015503876}